Workbook

Sheet Situazione
A1: Carico d'incendio – Edificio 298
A2: Le celle gialle si compilano. Il resto si calcola da solo dal foglio Movimenti (incolla lì il registro scaricato dall'app).
A3: Soglia di attenzione: | C3: 0.85
A5: Locale | B5: Gestore | C5: Limite (MJ) | D5: Carico iniziale (MJ) | E5: Carico attuale (MJ) | F5: % sul limite | G5: Stato | H5: Margine (MJ)
A6: Capannetta 1 | B6: Fincantieri | C6: 374000 | D6: 372094 | E6: =MAX(0,D6+SUMIFS(Movimenti!$I:$I,Movimenti!$C:$C,A6)) -> 372094 | F6: =IF(C6=0,0,E6/C6) -> 0.99490374 | G6: =IF(F6>1,"OLTRE IL LIMITE",IF(F6>=$C$3,"Vicino al limite","Entro i limiti")) -> Vicino al limite | H6: =MAX(0,C6-E6) -> 1906
A7: Ex loc. tecnico 1-2 | B7: Fincantieri | C7: 185000 | D7: 119588 | E7: =MAX(0,D7+SUMIFS(Movimenti!$I:$I,Movimenti!$C:$C,A7)) -> 119588 | F7: =IF(C7=0,0,E7/C7) -> 0.64642162 | G7: =IF(F7>1,"OLTRE IL LIMITE",IF(F7>=$C$3,"Vicino al limite","Entro i limiti")) -> Entro i limiti | H7: =MAX(0,C7-E7) -> 65412
A8: Capannetta 2 | B8: Fincantieri | C8: 363000 | D8: 152250 | E8: =MAX(0,D8+SUMIFS(Movimenti!$I:$I,Movimenti!$C:$C,A8)) -> 152250 | F8: =IF(C8=0,0,E8/C8) -> 0.41942149 | G8: =IF(F8>1,"OLTRE IL LIMITE",IF(F8>=$C$3,"Vicino al limite","Entro i limiti")) -> Entro i limiti | H8: =MAX(0,C8-E8) -> 210750
A9: Capannetta 3 | B9: Fincantieri | C9: 375000 | D9: 220500 | E9: =MAX(0,D9+SUMIFS(Movimenti!$I:$I,Movimenti!$C:$C,A9)) -> 220500 | F9: =IF(C9=0,0,E9/C9) -> 0.588 | G9: =IF(F9>1,"OLTRE IL LIMITE",IF(F9>=$C$3,"Vicino al limite","Entro i limiti")) -> Entro i limiti | H9: =MAX(0,C9-E9) -> 154500
A10: Ex loc. tecnico 3-4 | B10: Ditta esterna | C10: 220000 | D10: 0 | E10: =MAX(0,D10+SUMIFS(Movimenti!$I:$I,Movimenti!$C:$C,A10)) -> 0 | F10: =IF(C10=0,0,E10/C10) -> 0 | G10: =IF(F10>1,"OLTRE IL LIMITE",IF(F10>=$C$3,"Vicino al limite","Entro i limiti")) -> Entro i limiti | H10: =MAX(0,C10-E10) -> 220000
A11: Capannetta 4 | B11: Ditta esterna | C11: 375000 | D11: 0 | E11: =MAX(0,D11+SUMIFS(Movimenti!$I:$I,Movimenti!$C:$C,A11)) -> 0 | F11: =IF(C11=0,0,E11/C11) -> 0 | G11: =IF(F11>1,"OLTRE IL LIMITE",IF(F11>=$C$3,"Vicino al limite","Entro i limiti")) -> Entro i limiti | H11: =MAX(0,C11-E11) -> 375000
A13: Note
A14: • Limiti = valore più restrittivo tra tabella §5.2 della relazione e ricalcolo con q_f,d ≤ 300 MJ/m² (da confermare con il progettista).
A15: • Carico iniziale = scenario della relazione (cap. 3). Sostituire con l'inventario reale; Ex loc. tecnico 3-4 e Capannetta 4 da rilevare.
A16: • Capannetta 1: solo scaffalature, nessuno stoccaggio a terra (già vicina al limite).

Sheet Movimenti
A1: Data | B1: Ora | C1: Locale | D1: Codice | E1: Materiale | F1: Tipo | G1: Quantità | H1: MJ/unità | I1: MJ | J1: Rif. DDT | K1: Operatore
E2: =IF(D2="","",IFERROR(INDEX(Materiali!$B:$B,MATCH(D2,Materiali!$A:$A,0)),"codice?")) | H2: =IF(D2="","",IFERROR(INDEX(Materiali!$C:$C,MATCH(D2,Materiali!$A:$A,0)),0)) | I2: =IF(OR(G2="",H2=""),"",IF(F2="Uscita",-1,1)*G2*H2)
E3: =IF(D3="","",IFERROR(INDEX(Materiali!$B:$B,MATCH(D3,Materiali!$A:$A,0)),"codice?")) | H3: =IF(D3="","",IFERROR(INDEX(Materiali!$C:$C,MATCH(D3,Materiali!$A:$A,0)),0)) | I3: =IF(OR(G3="",H3=""),"",IF(F3="Uscita",-1,1)*G3*H3)
E4: =IF(D4="","",IFERROR(INDEX(Materiali!$B:$B,MATCH(D4,Materiali!$A:$A,0)),"codice?")) | H4: =IF(D4="","",IFERROR(INDEX(Materiali!$C:$C,MATCH(D4,Materiali!$A:$A,0)),0)) | I4: =IF(OR(G4="",H4=""),"",IF(F4="Uscita",-1,1)*G4*H4)
E5: =IF(D5="","",IFERROR(INDEX(Materiali!$B:$B,MATCH(D5,Materiali!$A:$A,0)),"codice?")) | H5: =IF(D5="","",IFERROR(INDEX(Materiali!$C:$C,MATCH(D5,Materiali!$A:$A,0)),0)) | I5: =IF(OR(G5="",H5=""),"",IF(F5="Uscita",-1,1)*G5*H5)
E6: =IF(D6="","",IFERROR(INDEX(Materiali!$B:$B,MATCH(D6,Materiali!$A:$A,0)),"codice?")) | H6: =IF(D6="","",IFERROR(INDEX(Materiali!$C:$C,MATCH(D6,Materiali!$A:$A,0)),0)) | I6: =IF(OR(G6="",H6=""),"",IF(F6="Uscita",-1,1)*G6*H6)
E7: =IF(D7="","",IFERROR(INDEX(Materiali!$B:$B,MATCH(D7,Materiali!$A:$A,0)),"codice?")) | H7: =IF(D7="","",IFERROR(INDEX(Materiali!$C:$C,MATCH(D7,Materiali!$A:$A,0)),0)) | I7: =IF(OR(G7="",H7=""),"",IF(F7="Uscita",-1,1)*G7*H7)
E8: =IF(D8="","",IFERROR(INDEX(Materiali!$B:$B,MATCH(D8,Materiali!$A:$A,0)),"codice?")) | H8: =IF(D8="","",IFERROR(INDEX(Materiali!$C:$C,MATCH(D8,Materiali!$A:$A,0)),0)) | I8: =IF(OR(G8="",H8=""),"",IF(F8="Uscita",-1,1)*G8*H8)
E9: =IF(D9="","",IFERROR(INDEX(Materiali!$B:$B,MATCH(D9,Materiali!$A:$A,0)),"codice?")) | H9: =IF(D9="","",IFERROR(INDEX(Materiali!$C:$C,MATCH(D9,Materiali!$A:$A,0)),0)) | I9: =IF(OR(G9="",H9=""),"",IF(F9="Uscita",-1,1)*G9*H9)
E10: =IF(D10="","",IFERROR(INDEX(Materiali!$B:$B,MATCH(D10,Materiali!$A:$A,0)),"codice?")) | H10: =IF(D10="","",IFERROR(INDEX(Materiali!$C:$C,MATCH(D10,Materiali!$A:$A,0)),0)) | I10: =IF(OR(G10="",H10=""),"",IF(F10="Uscita",-1,1)*G10*H10)
E11: =IF(D11="","",IFERROR(INDEX(Materiali!$B:$B,MATCH(D11,Materiali!$A:$A,0)),"codice?")) | H11: =IF(D11="","",IFERROR(INDEX(Materiali!$C:$C,MATCH(D11,Materiali!$A:$A,0)),0)) | I11: =IF(OR(G11="",H11=""),"",IF(F11="Uscita",-1,1)*G11*H11)
E12: =IF(D12="","",IFERROR(INDEX(Materiali!$B:$B,MATCH(D12,Materiali!$A:$A,0)),"codice?")) | H12: =IF(D12="","",IFERROR(INDEX(Materiali!$C:$C,MATCH(D12,Materiali!$A:$A,0)),0)) | I12: =IF(OR(G12="",H12=""),"",IF(F12="Uscita",-1,1)*G12*H12)
E13: =IF(D13="","",IFERROR(INDEX(Materiali!$B:$B,MATCH(D13,Materiali!$A:$A,0)),"codice?")) | H13: =IF(D13="","",IFERROR(INDEX(Materiali!$C:$C,MATCH(D13,Materiali!$A:$A,0)),0)) | I13: =IF(OR(G13="",H13=""),"",IF(F13="Uscita",-1,1)*G13*H13)
... E2001: =IF(D2001="","",IFERROR(INDEX(Materiali!$B:$B,MATCH(D2001,Materiali!$A:$A,0)),"codice?")) | H2001: =IF(D2001="","",IFERROR(INDEX(Materiali!$C:$C,MATCH(D2001,Materiali!$A:$A,0)),0)) | I2001: =IF(OR(G2001="",H2001=""),"",IF(F2001="Uscita",-1,1)*G2001*H2001)

Sheet Materiali
A1: Codice | B1: Descrizione | C1: MJ per unità | D1: Fonte
A2: P-SCAF | B2: Pallet su scaffale (pallet legno + scatole) | C2: 394 | D2: Relazione cap. 3
A3: P-PES | B3: Pallet pesante a terra (legno, cartone, film) | C3: 797 | D3: Relazione cap. 3
A4: TUBI | B4: Pacco tubi con gabbia in legno | C4: 761 | D4: Relazione cap. 3
A5: ASC-PAL | B5: Ascensori: pallet componenti in cartone | C5: 1055 | D5: Stima – verificare con la ditta
A6: ASC-CASSA | B6: Ascensori: cassa in legno | C6: 1040 | D6: Stima – verificare con la ditta
A7: ASC-PLAST | B7: Ascensori: pallet pannelli in plastica | C7: 1968 | D7: Stima – verificare con la ditta
A8: ASC-CAVO | B8: Ascensori: bobina cavi elettrici | C8: 1160 | D8: Stima – verificare con la ditta
